<?xml version="1.0" encoding="UTF-8"?>
<metadata>
<export_informace>
<datum_exportu>2016-12-13T08:47:07</datum_exportu>
<export_provedl>CN=Ondrej Fuxa/OU=Praha/O=YourSystem/C=CZ</export_provedl>
</export_informace>
<zakazka_informace>
<datum_zalozeni>2016-12-09T09:56:45</datum_zalozeni>
<datum_posledni_zmeny>2016-12-11T22:20:51</datum_posledni_zmeny>
<zakazku_vytvoril>CN=Ondrej Fuxa/OU=Praha/O=YourSystem/C=CZ</zakazku_vytvoril>
<posledni_zmenu_provedl>CN=Ondrej Fuxa/OU=Praha/O=YourSystem/C=CZ</posledni_zmenu_provedl>
</zakazka_informace>
</metadata>
