<struktura_vz_zip>
<xml_dle_vyhlasky_168_2016>vz.xml</xml_dle_vyhlasky_168_2016>
<metadata_vz>metadata.xml</metadata_vz>
<dokumenty>
<dokument>
<id>97BA5A2980783910C125808400314F60</id>
<nazev>ClientMonitoringSignature_2016_01_DalekovodProizvodnjaDalekovodProizvodnjaDalekovodProizvodnja.pdf</nazev>
<ulozen_do_souboru>dok-1-ClientMonitoringSignature_2016_01_DalekovodProizvodnjaDalekovodProizvodnjaDalekovodProizvodnja.pdf</ulozen_do_souboru>
</dokument>
<dokument>
<id>04D9099DB69F6954C1258087005B9E28</id>
<nazev>result.pdf</nazev>
<ulozen_do_souboru>dok-2-result.pdf</ulozen_do_souboru>
</dokument>
</dokumenty>
<el_ukony>el-ukony.csv</el_ukony>
</struktura_vz_zip>
