<?xml version="1.0" encoding="UTF-8"?>
<profil xmlns="urn:cz:isvz:mmr:schemas:vz-z-profilu-zadavatele:v100" xmlns:xsi="http://www.w3.org/2001/XMLSchema-instance" xsi:schemaLocation="urn:cz:isvz:mmr:schemas:vz-z-profilu-zadavatele:v100 http://www.isvz.cz/ProfilyZadavatelu/Profil_Zadavatele_134_2016_SchemaVZ.xsd">
<profil_kod>60052924</profil_kod>
<zadavatel>
<nazev_zadavatele>YOUR SYSTEM, spol. s r.o.</nazev_zadavatele>
<ico_vlastni>00174939</ico_vlastni>
</zadavatel>
<zakazka>
<VZ>
<kod_vz_na_profilu>P16V00000002</kod_vz_na_profilu>
<kod_vz_na_vvz>123456</kod_vz_na_vvz>
<nazev_vz>Pred test</nazev_vz>
<stav_vz>zakázka byla zadána</stav_vz>
<druh_zadavaciho_rizeni>zjednodušené podlimitní řízení</druh_zadavaciho_rizeni>
<delena_na_casti>0</delena_na_casti>
<ramcova_dohoda>0</ramcova_dohoda>
<zavedeni_dns>0</zavedeni_dns>
<dokument>
<url>http://barbora.ys.cz/pz05/0/97BA5A2980783910C125808400314F60/$File/ClientMonitoringSignature_2016_01_DalekovodProizvodnjaDalekovodProizvodnjaDalekovodProizvodnja.pdf</url>
<typ_dokumentu>Písemná zpráva (podle § 217 zákona)</typ_dokumentu>
<cas_vlozeni_na_profil>2016-12-09T09:58:35</cas_vlozeni_na_profil>
<cislo_verze>1</cislo_verze>
</dokument>
<dokument>
<url>http://barbora.ys.cz/pz05/0/04D9099DB69F6954C1258087005B9E28/$File/result.pdf</url>
<typ_dokumentu>Smlouva (uzavřená na veřejnou zakázku včetně všech jejích změn a dodatků a rámcová dohoda podle § 219 zákona)</typ_dokumentu>
<cas_vlozeni_na_profil>2016-12-12T17:40:42</cas_vlozeni_na_profil>
<cislo_verze>1</cislo_verze>
</dokument>
<datum_cas_zverejneni>2016-12-09T09:56:46</datum_cas_zverejneni>
<datum_uzavreni_smlouvy>2016-12-28T00:00:00</datum_uzavreni_smlouvy>
</VZ>
<ucastnik>
<ico>00174939</ico>
<nazev_ucastnika>YOUR SYSTEM spol. s r.o.</nazev_ucastnika>
<zeme_sidla>CZ</zeme_sidla>
<cena_bez_dph>500000</cena_bez_dph>
<cena_s_dph>600000</cena_s_dph>
<sdruzeni>0</sdruzeni>
<vyrazen_mim_cena>1</vyrazen_mim_cena>
<vyrazen_mim_cena_zduvodneni>test 1</vyrazen_mim_cena_zduvodneni>
</ucastnik>
<ucastnik>
<ico>12345678</ico>
<nazev_ucastnika>SKANSKA</nazev_ucastnika>
<zeme_sidla>CZ</zeme_sidla>
<cena_bez_dph>450000</cena_bez_dph>
<cena_s_dph>500000</cena_s_dph>
<sdruzeni>0</sdruzeni>
<odstoupil>1</odstoupil>
<odstoupil_zduvodneni>test 2</odstoupil_zduvodneni>
</ucastnik>
<dodavatel>
<ico>12345678</ico>
<nazev_dodavatele>SKANSKA</nazev_dodavatele>
<zeme_sidla_dodavatele>CZ</zeme_sidla_dodavatele>
<cena_celkem_dle_smlouvy_DPH>500000</cena_celkem_dle_smlouvy_DPH>
<cena_celkem_dle_smlouvy_bez_DPH>450000</cena_celkem_dle_smlouvy_bez_DPH>
<sdruzeni_dodavatelu>0</sdruzeni_dodavatelu>
<rozpad>
<rok_smlouvy>2016</rok_smlouvy>
<cena_za_rok_s_dph>150000</cena_za_rok_s_dph>
</rozpad>
<rozpad>
<rok_smlouvy>2017</rok_smlouvy>
<cena_za_rok_s_dph>50000</cena_za_rok_s_dph>
</rozpad>
</dodavatel>
</zakazka>
</profil>
